Position,Const,Created,Modified,Description,Title,Original Title,URL,Title Type,IMDb Rating,Runtime (mins),Year,Genres,Num Votes,Release Date,Directors,Your Rating,Date Rated
1,tt0195909,2011-10-09,2011-10-09,,"Meeting People Is Easy","Meeting People Is Easy",https://www.imdb.com/title/tt0195909/,Movie,7.5,99,1998,"Documentary, Music",3348,1999-03-20,"Grant Gee",,
2,tt1527186,2011-10-25,2011-10-25,,"Melancholia","Melancholia",https://www.imdb.com/title/tt1527186/,Movie,7.1,135,2011,"Drama, Sci-Fi",201466,2011-05-26,"Lars von Trier",,
3,tt1646114,2011-11-14,2011-11-14,,"My Joy","Schaste moe",https://www.imdb.com/title/tt1646114/,Movie,6.8,127,2010,"Drama",2668,2011-09-30,"Sergey Loznitsa",,
4,tt1687247,2011-11-26,2011-11-26,,"Life in a Day","Life in a Day",https://www.imdb.com/title/tt1687247/,Movie,7.6,95,2011,"Documentary, Drama",15673,2011-01-27,"Tegan Bukowski, Loressa Clisby, Kevin Macdonald, Hiroaki Aikawa, Natalia Andreadis, Jack Attridge, Cristina Bocchialini, Zillah Bowes, Andrea Dalla Costa, Lisa Cottrell-Bentley, Alejo Crisóstomo, Sócrates Cuadri, Ayman El Gazwy, Shawn Gadberry, Seth Grant, Jane Haubrich, Soma Helmi, Jennifer M. Howd, Clementine Isaac, Aditya Kolli, Gabor Kukucska, Francesco La Regina, Frederic Lumiere, Marek Mackovic, Zuqy Cruz Marquez, Linda Matarasso, Kevin McMahon, Joseph Michael, Joaquin Montalvan, Lilit Movsisyan, Emmanuelle Pickett, Christopher Redmond, Alejandro Romeo, Alaa Sheikh Hassan, Marcus Tedenryd",,
5,tt0108149,2011-12-04,2011-12-04,,"Six Degrees of Separation","Six Degrees of Separation",https://www.imdb.com/title/tt0108149/,Movie,6.8,112,1993,"Comedy, Drama, Mystery",23451,1993-12-08,"Fred Schepisi",,
6,tt1417075,2012-01-19,2012-01-19,,"In Darkness","W ciemnosci",https://www.imdb.com/title/tt1417075/,Movie,7.3,145,2011,"Drama, War",11337,2012-01-05,"Agnieszka Holland",,
7,tt1316540,2012-01-19,2012-01-19,,"The Turin Horse","A torinói ló",https://www.imdb.com/title/tt1316540/,Movie,7.7,155,2011,"Drama",20132,2011-03-31,"Béla Tarr, Ágnes Hranitzky",,
8,tt1655460,2012-01-19,2012-01-19,,"Wanderlust","Wanderlust",https://www.imdb.com/title/tt1655460/,Movie,5.6,98,2012,"Comedy, Romance",81847,2012-02-24,"David Wain",,
9,tt0401729,2012-01-19,2012-01-19,,"John Carter","John Carter",https://www.imdb.com/title/tt0401729/,Movie,6.6,132,2012,"Action, Adventure, Sci-Fi",292131,2012-03-09,"Andrew Stanton",,
10,tt1702425,2012-01-19,2012-01-19,,"Casa de mi Padre","Casa de mi padre",https://www.imdb.com/title/tt1702425/,Movie,5.5,84,2012,"Comedy, Western",21846,2012-05-11,"Matt Piedmont",,
11,tt1645170,2012-01-19,2012-01-19,,"The Dictator","The Dictator",https://www.imdb.com/title/tt1645170/,Movie,6.5,83,2012,"Comedy",348631,2012-05-16,"Larry Charles",,
12,tt1735898,2012-01-19,2012-01-19,,"Snow White and the Huntsman","Snow White and the Huntsman",https://www.imdb.com/title/tt1735898/,Movie,6.1,127,2012,"Action, Adventure, Drama, Fantasy, Romance, Sci-Fi, Thriller, War",308381,2012-06-01,"Rupert Sanders",,
13,tt1336608,2012-01-19,2012-01-19,,"Rock of Ages","Rock of Ages",https://www.imdb.com/title/tt1336608/,Movie,5.9,123,2012,"Comedy, Drama, Musical, Romance",82895,2012-06-15,"Adam Shankman",,
14,tt0787475,2012-02-11,2012-02-11,,"Hot Rod","Hot Rod",https://www.imdb.com/title/tt0787475/,Movie,6.7,88,2007,"Comedy, Sport",95918,2007-08-03,"Akiva Schaffer",,
15,tt1441326,2012-03-05,2012-03-05,,"Martha Marcy May Marlene","Martha Marcy May Marlene",https://www.imdb.com/title/tt1441326/,Movie,6.8,102,2011,"Drama, Mystery, Thriller",56947,2011-12-21,"Sean Durkin",,
16,tt1486192,2012-03-09,2012-03-09,,"The Raven","The Raven",https://www.imdb.com/title/tt1486192/,Movie,6.4,110,2012,"Crime, Mystery, Thriller",89232,2012-04-27,"James McTeigue",,
17,tt1229238,2012-04-06,2012-04-06,,"Mission: Impossible - Ghost Protocol","Mission: Impossible - Ghost Protocol",https://www.imdb.com/title/tt1229238/,Movie,7.4,132,2011,"Action, Adventure, Thriller",540602,2011-12-21,"Brad Bird",,
18,tt1183919,2012-04-06,2012-04-06,,"Marley","Marley",https://www.imdb.com/title/tt1183919/,Movie,7.9,144,2012,"Documentary, Biography, Music",14752,2012-04-20,"Kevin Macdonald",,
19,tt1748207,2012-04-06,2012-04-06,,"Sound of My Voice","Sound of My Voice",https://www.imdb.com/title/tt1748207/,Movie,6.5,85,2011,"Drama, Mystery, Sci-Fi, Thriller",23339,2012-08-03,"Zal Batmanglij",,
20,tt1991245,2012-04-06,2012-04-06,,"Chernobyl Diaries","Chernobyl Diaries",https://www.imdb.com/title/tt1991245/,Movie,5.0,86,2012,"Horror, Mystery, Thriller",69516,2012-05-25,"Bradley Parker",,
21,tt1716777,2012-04-06,2012-04-06,,"People Like Us","People Like Us",https://www.imdb.com/title/tt1716777/,Movie,7.0,114,2012,"Comedy, Drama",44569,2012-06-29,"Alex Kurtzman",,
22,tt0386117,2012-04-06,2012-04-06,,"Where the Wild Things Are","Where the Wild Things Are",https://www.imdb.com/title/tt0386117/,Movie,6.7,101,2009,"Adventure, Drama, Family, Fantasy",110097,2009-10-16,"Spike Jonze",,
23,tt0848228,2012-04-08,2012-04-08,,"The Avengers","The Avengers",https://www.imdb.com/title/tt0848228/,Movie,8.0,143,2012,"Action, Sci-Fi",1500042,2012-05-04,"Joss Whedon",,
24,tt0770828,2012-05-13,2012-05-13,,"Man of Steel","Man of Steel",https://www.imdb.com/title/tt0770828/,Movie,7.1,143,2013,"Action, Adventure, Sci-Fi",830904,2013-06-14,"Zack Snyder",,
25,tt2359417,2012-05-22,2012-05-22,,"Two Years at Sea","Two Years at Sea",https://www.imdb.com/title/tt2359417/,Movie,6.8,88,2011,"Documentary",658,2012-05-04,"Ben Rivers",,
26,tt0383028,2012-05-26,2012-05-26,,"Synecdoche, New York","Synecdoche, New York",https://www.imdb.com/title/tt0383028/,Movie,7.5,124,2008,"Drama",101099,2009-02-05,"Charlie Kaufman",,
27,tt1667889,2012-06-16,2012-06-16,,"Ice Age: Continental Drift","Ice Age: Continental Drift",https://www.imdb.com/title/tt1667889/,Movie,6.5,88,2012,"Animation, Adventure, Comedy, Family",233337,2012-07-13,"Steve Martino, Michael Thurmeier",,
28,tt0382189,2012-06-30,2012-06-30,,"My Summer of Love","My Summer of Love",https://www.imdb.com/title/tt0382189/,Movie,6.7,86,2004,"Drama, Romance",22262,2005-07-01,"Pawel Pawlikowski",,
29,tt1605783,2012-07-12,2012-07-12,,"Midnight in Paris","Midnight in Paris",https://www.imdb.com/title/tt1605783/,Movie,7.6,94,2011,"Comedy, Fantasy, Romance",460073,2011-06-10,"Woody Allen",,
30,tt1255953,2012-08-16,2012-08-16,,"Incendies","Incendies",https://www.imdb.com/title/tt1255953/,Movie,8.3,131,2010,"Drama, Mystery, War",223796,2011-04-22,"Denis Villeneuve",,
31,tt1454029,2012-08-16,2012-08-16,,"The Help","The Help",https://www.imdb.com/title/tt1454029/,Movie,8.1,146,2011,"Drama",509774,2011-08-10,"Tate Taylor",,
32,tt1220214,2012-08-17,2012-08-17,,"Heartless","Heartless",https://www.imdb.com/title/tt1220214/,Movie,5.9,114,2009,"Drama, Fantasy, Horror",10456,2010-11-19,"Philip Ridley",,
33,tt0072890,2012-08-27,2012-08-27,,"Dog Day Afternoon","Dog Day Afternoon",https://www.imdb.com/title/tt0072890/,Movie,8.0,125,1975,"Biography, Crime, Drama, Thriller",280670,1975-12-25,"Sidney Lumet",,
34,tt0070723,2012-09-02,2012-09-02,,"Soylent Green","Soylent Green",https://www.imdb.com/title/tt0070723/,Movie,7.0,97,1973,"Crime, Mystery, Sci-Fi, Thriller",72730,1973-05-09,"Richard Fleischer",,
35,tt0936501,2012-09-21,2012-09-21,,"Taken","Taken",https://www.imdb.com/title/tt0936501/,Movie,7.7,90,2008,"Action, Crime, Thriller",652290,2009-01-30,"Pierre Morel",7,2023-12-25
36,tt1437358,2012-09-22,2012-09-22,,"Sleep Tight","Mientras duermes",https://www.imdb.com/title/tt1437358/,Movie,7.2,102,2011,"Crime, Drama, Thriller",48290,2011-10-14,"Jaume Balagueró",,
37,tt1924394,2012-10-18,2012-10-18,,"The Angels' Share","The Angels' Share",https://www.imdb.com/title/tt1924394/,Movie,7.0,101,2012,"Comedy, Crime, Drama",27579,2012-06-01,"Ken Loach",,
38,tt1074638,2012-10-20,2012-10-20,,"Skyfall","Skyfall",https://www.imdb.com/title/tt1074638/,Movie,7.8,143,2012,"Action, Adventure, Thriller",747891,2012-11-09,"Sam Mendes",,
39,tt1210819,2012-10-20,2012-10-20,,"The Lone Ranger","The Lone Ranger",https://www.imdb.com/title/tt1210819/,Movie,6.4,150,2013,"Action, Adventure, Drama, Western",248225,2013-07-03,"Gore Verbinski",,
40,tt0120321,2012-10-28,2012-10-28,,"Smoke Signals","Smoke Signals",https://www.imdb.com/title/tt0120321/,Movie,7.2,89,1998,"Comedy, Drama",12913,1998-11-27,"Chris Eyre",,
41,tt1714209,2012-11-23,2012-11-23,,"In the Land of Blood and Honey","In the Land of Blood and Honey",https://www.imdb.com/title/tt1714209/,Movie,4.7,127,2011,"Drama, Romance, War",34799,2012-02-16,"Angelina Jolie",,
42,tt1913115,2012-11-24,2012-11-24,,"Responsible Adults","Responsible Adults",https://www.imdb.com/title/tt1913115/,Movie,,,,"Comedy, Romance",0,,,,
43,tt2085957,2012-11-25,2012-11-25,,"Kill for Me","Kill for Me",https://www.imdb.com/title/tt2085957/,Video,5.5,95,2013,"Drama, Thriller",3834,2013-02-12,"Michael Greenspan",,
44,tt1560747,2012-11-28,2012-11-28,,"The Master","The Master",https://www.imdb.com/title/tt1560747/,Movie,7.1,138,2012,"Drama, History",191208,2012-09-21,"Paul Thomas Anderson",,
45,tt2126362,2013-01-23,2013-01-23,,"Stitches","Stitches",https://www.imdb.com/title/tt2126362/,Movie,5.7,86,2012,"Comedy, Horror",10783,2012-10-26,"Conor McMahon",,
46,tt1726669,2013-02-02,2013-02-02,,"Killer Joe","Killer Joe",https://www.imdb.com/title/tt1726669/,Movie,6.7,102,2011,"Crime, Drama, Thriller",85496,2012-06-29,"William Friedkin",,
47,tt0117509,2013-02-03,2013-02-03,,"Romeo + Juliet","Romeo + Juliet",https://www.imdb.com/title/tt0117509/,Movie,6.7,120,1996,"Drama, Romance",250968,1996-11-01,"Baz Luhrmann",,
48,tt1371111,2013-02-03,2013-02-03,,"Cloud Atlas","Cloud Atlas",https://www.imdb.com/title/tt1371111/,Movie,7.4,172,2012,"Drama, Mystery, Sci-Fi, Thriller",380251,2012-10-26,"Tom Tykwer, Lana Wachowski, Lilly Wachowski",,
49,tt1588173,2013-02-03,2013-02-03,,"Warm Bodies","Warm Bodies",https://www.imdb.com/title/tt1588173/,Movie,6.8,98,2013,"Comedy, Horror, Romance",249169,2013-02-01,"Jonathan Levine",,
50,tt2309788,2013-02-03,2013-02-03,,"The Gatekeepers","The Gatekeepers",https://www.imdb.com/title/tt2309788/,Movie,7.6,101,2012,"Documentary, History, War",6007,2013-06-19,"Dror Moreh",,
51,tt2237822,2013-02-03,2013-02-03,,"Koch","Koch",https://www.imdb.com/title/tt2237822/,Movie,6.6,100,2012,"Documentary, Biography, History",335,2012-10-08,"Neil Barsky",,
52,tt1790885,2013-02-03,2013-02-03,,"Zero Dark Thirty","Zero Dark Thirty",https://www.imdb.com/title/tt1790885/,Movie,7.4,157,2012,"Drama, History, Thriller",328985,2013-01-11,"Kathryn Bigelow",,
53,tt1300854,2013-02-04,2013-02-04,,"Iron Man 3","Iron Man Three",https://www.imdb.com/title/tt1300854/,Movie,7.1,130,2013,"Action, Adventure, Sci-Fi",926604,2013-05-03,"Shane Black",,
54,tt1538403,2013-02-04,2013-02-04,,"The Mortal Instruments: City of Bones","The Mortal Instruments: City of Bones",https://www.imdb.com/title/tt1538403/,Movie,5.8,130,2013,"Action, Adventure, Fantasy, Horror, Mystery, Romance",140786,2013-08-21,"Harald Zwart",,
55,tt1606378,2013-02-04,2013-02-04,,"A Good Day to Die Hard","A Good Day to Die Hard",https://www.imdb.com/title/tt1606378/,Movie,5.2,98,2013,"Action, Thriller",218912,2013-02-14,"John Moore",,
56,tt0119167,2013-02-12,2013-02-12,,"Funny Games","Funny Games",https://www.imdb.com/title/tt0119167/,Movie,7.5,108,1997,"Crime, Drama, Thriller",89419,1998-03-11,"Michael Haneke",,
57,tt2105044,2013-02-12,2013-02-12,,"V/H/S","V/H/S",https://www.imdb.com/title/tt2105044/,Movie,5.8,116,2012,"Horror, Mystery, Thriller",72120,2012-09-06,"Matt Bettinelli-Olpin, David Bruckner, Tyler Gillett, Justin Martinez, Glenn McQuaid, Radio Silence, Joe Swanberg, Chad Villella, Ti West, Adam Wingard",,
58,tt1045658,2013-02-13,2013-02-13,,"Silver Linings Playbook","Silver Linings Playbook",https://www.imdb.com/title/tt1045658/,Movie,7.7,122,2012,"Comedy, Drama, Romance",757341,2012-12-25,"David O. Russell",,
59,tt1212450,2013-02-13,2013-02-13,,"Lawless","Lawless",https://www.imdb.com/title/tt1212450/,Movie,7.2,116,2012,"Biography, Crime, Drama, Thriller",257894,2012-08-29,"John Hillcoat",,
60,tt1547234,2013-02-13,2013-02-13,,"Premium Rush","Premium Rush",https://www.imdb.com/title/tt1547234/,Movie,6.5,91,2012,"Action, Thriller",120119,2012-08-24,"David Koepp",,
61,tt1483013,2013-02-28,2013-02-28,,"Oblivion","Oblivion",https://www.imdb.com/title/tt1483013/,Movie,7.0,124,2013,"Action, Adventure, Sci-Fi",568530,2013-04-19,"Joseph Kosinski",,
62,tt1024648,2013-03-10,2013-03-10,,"Argo","Argo",https://www.imdb.com/title/tt1024648/,Movie,7.7,120,2012,"Biography, Drama, History, Thriller",650486,2012-10-12,"Ben Affleck",,
63,tt1288558,2013-04-21,2013-04-21,,"Evil Dead","Evil Dead",https://www.imdb.com/title/tt1288558/,Movie,6.5,91,2013,"Horror",205041,2013-04-05,"Fede Alvarez",,
64,tt0164184,2013-04-21,2013-04-21,,"The Sum of All Fears","The Sum of All Fears",https://www.imdb.com/title/tt0164184/,Movie,6.5,124,2002,"Action, Drama, Thriller, War",127828,2002-05-31,"Phil Alden Robinson",,
65,tt2184339,2013-05-22,2013-05-22,,"The Purge","The Purge",https://www.imdb.com/title/tt2184339/,Movie,5.8,85,2013,"Horror, Sci-Fi, Thriller",250200,2013-06-07,"James DeMonaco",,
66,tt1815862,2013-05-22,2013-05-22,,"After Earth","After Earth",https://www.imdb.com/title/tt1815862/,Movie,4.8,100,2013,"Action, Adventure, Sci-Fi",212766,2013-05-31,"M. Night Shyamalan",,
67,tt2234155,2013-05-22,2013-05-22,,"The Internship","The Internship",https://www.imdb.com/title/tt2234155/,Movie,6.3,119,2013,"Comedy",219555,2013-06-07,"Shawn Levy",,
68,tt1245492,2013-05-22,2013-05-22,,"This Is the End","This Is the End",https://www.imdb.com/title/tt1245492/,Movie,6.6,107,2013,"Comedy, Fantasy",443280,2013-06-12,"Evan Goldberg, Seth Rogen",,
69,tt1718158,2013-05-22,2013-05-22,,"Generation Um...","Generation Um...",https://www.imdb.com/title/tt1718158/,Movie,3.9,97,2012,"Drama",4409,2013-05-28,"Mark Mann",,
70,tt2324918,2013-05-22,2013-05-22,,"State 194","State 194",https://www.imdb.com/title/tt2324918/,Movie,5.7,98,2012,"Documentary",53,2013-05-17,"Dan Setton",,
71,tt1670345,2013-05-22,2013-05-22,,"Now You See Me","Now You See Me",https://www.imdb.com/title/tt1670345/,Movie,7.2,115,2013,"Crime, Mystery, Thriller",732622,2013-05-31,"Louis Leterrier",,
72,tt1229340,2013-07-01,2013-07-01,,"Anchorman 2: The Legend Continues","Anchorman 2: The Legend Continues",https://www.imdb.com/title/tt1229340/,Movie,6.3,119,2013,"Comedy",196783,2013-12-18,"Adam McKay",,
73,tt1517260,2013-07-01,2013-07-01,,"The Host","The Host",https://www.imdb.com/title/tt1517260/,Movie,5.8,125,2013,"Action, Adventure, Drama, Romance, Sci-Fi, Thriller",120013,2013-03-29,"Andrew Niccol",,
74,tt1535108,2013-07-01,2013-07-01,,"Elysium","Elysium",https://www.imdb.com/title/tt1535108/,Movie,6.6,109,2013,"Action, Drama, Sci-Fi, Thriller",480788,2013-08-09,"Neill Blomkamp",,
75,tt2375605,2013-08-03,2013-08-03,,"The Act of Killing","The Act of Killing",https://www.imdb.com/title/tt2375605/,Movie,8.2,117,2012,"Documentary, Biography, Crime, History, War",42129,2012-11-01,"Joshua Oppenheimer, Anonymous, Christine Cynn",,
76,tt1901040,2013-08-13,2013-08-13,,"Wrong","Wrong",https://www.imdb.com/title/tt1901040/,Movie,6.2,94,2012,"Comedy, Mystery",10901,2013-02-01,"Quentin Dupieux",,
77,tt1266020,2013-09-26,2013-09-26,,"Parks and Recreation","Parks and Recreation",https://www.imdb.com/title/tt1266020/,TV Series,8.6,22,2009,"Comedy",300728,2009-04-09,,,
78,tt0052357,2013-11-19,2013-11-19,,"Vertigo","Vertigo",https://www.imdb.com/title/tt0052357/,Movie,8.3,128,1958,"Mystery, Romance, Thriller",442500,1958-05-28,"Alfred Hitchcock",,
79,tt1683876,2014-01-02,2014-01-02,,"Happy People: A Year in the Taiga","Happy People: A Year in the Taiga",https://www.imdb.com/title/tt1683876/,Movie,7.7,90,2010,"Documentary",9216,2012-11-15,"Werner Herzog, Dmitry Vasyukov",,
80,tt2024544,2014-01-18,2014-01-18,,"12 Years a Slave","12 Years a Slave",https://www.imdb.com/title/tt2024544/,Movie,8.1,134,2013,"Biography, Drama, History",761096,2013-11-08,"Steve McQueen",,
81,tt0119217,2014-01-18,2014-01-18,,"Good Will Hunting","Good Will Hunting",https://www.imdb.com/title/tt0119217/,Movie,8.3,126,1997,"Drama, Romance",1127346,1998-01-09,"Gus Van Sant",,
82,tt0825232,2014-01-27,2014-01-27,,"The Bucket List","The Bucket List",https://www.imdb.com/title/tt0825232/,Movie,7.4,97,2007,"Adventure, Comedy, Drama",265378,2008-01-11,"Rob Reiner",,
83,tt1019452,2014-01-28,2014-01-28,,"A Serious Man","A Serious Man",https://www.imdb.com/title/tt1019452/,Movie,7.0,106,2009,"Comedy, Drama",153852,2009-11-06,"Ethan Coen, Joel Coen",,
84,tt2051941,2014-03-14,2014-03-14,,"Men in Hope","Muzi v nadeji",https://www.imdb.com/title/tt2051941/,Movie,7.0,115,2011,"Comedy, Drama, Romance",4779,2011-08-25,"Jirí Vejdelek",,
85,tt1538502,2014-03-22,2014-03-22,,"Lo siento, te quiero","Lo siento, te quiero",https://www.imdb.com/title/tt1538502/,Short,6.5,9,2009,"Short",71,2009-10-27,"Leticia Dolera",,
86,tt0095765,2014-03-23,2014-03-23,,"Cinema Paradiso","Nuovo Cinema Paradiso",https://www.imdb.com/title/tt0095765/,Movie,8.5,174,1988,"Drama, Romance",298861,1990-02-23,"Giuseppe Tornatore",,
87,tt0050825,2014-03-23,2014-03-23,,"Paths of Glory","Paths of Glory",https://www.imdb.com/title/tt0050825/,Movie,8.4,88,1957,"Drama, War",224500,1957-12-25,"Stanley Kubrick",,
88,tt0032553,2014-03-23,2014-03-23,,"The Great Dictator","The Great Dictator",https://www.imdb.com/title/tt0032553/,Movie,8.4,125,1940,"Comedy, Drama, War",247526,1941-03-07,"Charles Chaplin",,
89,tt0027977,2014-03-23,2014-03-23,,"Modern Times","Modern Times",https://www.imdb.com/title/tt0027977/,Movie,8.5,87,1936,"Comedy, Drama, Romance",270977,1936-02-25,"Charles Chaplin",,
90,tt1675434,2014-03-23,2014-03-23,,"The Intouchables","Intouchables",https://www.imdb.com/title/tt1675434/,Movie,8.5,112,2011,"Comedy, Drama",970655,2011-11-02,"Olivier Nakache, Éric Toledano",,
91,tt0053125,2014-03-23,2014-03-23,,"North by Northwest","North by Northwest",https://www.imdb.com/title/tt0053125/,Movie,8.3,136,1959,"Adventure, Drama, Mystery, Thriller",358747,1959-12-18,"Alfred Hitchcock",,
92,tt0022100,2014-03-23,2014-03-23,,"M","M - Eine Stadt sucht einen Mörder",https://www.imdb.com/title/tt0022100/,Movie,8.3,99,1931,"Crime, Mystery, Thriller",175818,1931-08-31,"Fritz Lang",,
93,tt0082096,2014-03-23,2014-03-23,,"Das Boot","Das Boot",https://www.imdb.com/title/tt0082096/,Movie,8.4,149,1981,"Drama, War",277794,1982-02-10,"Wolfgang Petersen",,
94,tt0075314,2014-03-23,2014-03-23,,"Taxi Driver","Taxi Driver",https://www.imdb.com/title/tt0075314/,Movie,8.2,114,1976,"Crime, Drama",970360,1976-02-09,"Martin Scorsese",,
95,tt0051201,2014-03-23,2014-03-23,,"Witness for the Prosecution","Witness for the Prosecution",https://www.imdb.com/title/tt0051201/,Movie,8.4,116,1957,"Crime, Drama, Mystery, Thriller",148502,1958-02-06,"Billy Wilder",,
96,tt0040522,2014-03-23,2014-03-23,,"Bicycle Thieves","Ladri di biciclette",https://www.imdb.com/title/tt0040522/,Movie,8.2,89,1948,"Drama",183882,1949-12-13,"Vittorio De Sica",,
97,tt0059578,2014-03-23,2014-03-23,,"For a Few Dollars More","Per qualche dollaro in più",https://www.imdb.com/title/tt0059578/,Movie,8.2,132,1965,"Drama, Western",286207,1967-05-10,"Sergio Leone",,
98,tt0041959,2014-03-23,2014-03-23,,"The Third Man","The Third Man",https://www.imdb.com/title/tt0041959/,Movie,8.1,104,1949,"Drama, Film-Noir, Mystery, Thriller",188669,1950-02-01,"Carol Reed",,
99,tt0053604,2014-03-23,2014-03-23,,"The Apartment","The Apartment",https://www.imdb.com/title/tt0053604/,Movie,8.3,125,1960,"Comedy, Drama, Romance",207360,1960-06-29,"Billy Wilder",,
100,tt0055630,2014-03-23,2014-03-23,,"Yojimbo","Yôjinbô",https://www.imdb.com/title/tt0055630/,Movie,8.2,110,1961,"Action, Drama, Thriller",136665,1961-09-13,"Akira Kurosawa",,
101,tt0060827,2014-03-23,2014-03-23,,"Persona","Persona",https://www.imdb.com/title/tt0060827/,Movie,8.0,83,1966,"Drama, Thriller",135456,1967-03-16,"Ingmar Bergman",,
102,tt1130884,2014-03-23,2014-03-23,,"Shutter Island","Shutter Island",https://www.imdb.com/title/tt1130884/,Movie,8.2,138,2010,"Drama, Mystery, Thriller",1534988,2010-02-19,"Martin Scorsese",,
103,tt0054997,2014-03-23,2014-03-23,,"The Hustler","The Hustler",https://www.imdb.com/title/tt0054997/,Movie,7.9,134,1961,"Drama, Sport",88581,1961-09-25,"Robert Rossen",,
104,tt0111495,2014-03-23,2014-03-23,,"Three Colors: Red","Trois couleurs : Rouge",https://www.imdb.com/title/tt0111495/,Movie,8.1,99,1994,"Drama, Mystery, Romance",113298,1994-11-23,"Krzysztof Kieslowski",,
105,tt1010048,2014-03-23,2014-03-23,,"Slumdog Millionaire","Slumdog Millionaire",https://www.imdb.com/title/tt1010048/,Movie,8.0,120,2008,"Crime, Drama, Romance",892966,2008-12-25,"Danny Boyle, Loveleen Tandan",,
106,tt0047478,2014-03-23,2014-03-23,,"Seven Samurai","Shichinin no samurai",https://www.imdb.com/title/tt0047478/,Movie,8.6,207,1954,"Action, Drama",381483,1956-11-19,"Akira Kurosawa",,
107,tt0064116,2014-03-23,2014-03-23,,"Once Upon a Time in the West","C'era una volta il West",https://www.imdb.com/title/tt0064116/,Movie,8.5,166,1968,"Drama, Western",365442,1969-07-04,"Sergio Leone",,
108,tt0120586,2014-03-23,2014-03-23,,"American History X","American History X",https://www.imdb.com/title/tt0120586/,Movie,8.5,119,1998,"Crime, Drama",1224881,1998-11-20,"Tony Kaye",,
109,tt0021749,2014-03-23,2014-03-23,,"City Lights","City Lights",https://www.imdb.com/title/tt0021749/,Movie,8.5,87,1931,"Comedy, Drama, Romance",205550,1931-03-07,"Charles Chaplin",,
110,tt0043014,2014-03-23,2014-03-23,,"Sunset Boulevard","Sunset Boulevard",https://www.imdb.com/title/tt0043014/,Movie,8.4,110,1950,"Drama, Film-Noir",247295,1950-08-04,"Billy Wilder",,
111,tt0057012,2014-03-23,2014-03-23,,"Dr. Strangelove or: How I Learned to Stop Worrying and Love the Bomb","Dr. Strangelove or: How I Learned to Stop Worrying and Love the Bomb",https://www.imdb.com/title/tt0057012/,Movie,8.3,95,1964,"Comedy, War",535441,1964-01-29,"Stanley Kubrick",,
112,tt0253474,2014-03-23,2014-03-23,,"The Pianist","The Pianist",https://www.imdb.com/title/tt0253474/,Movie,8.5,150,2002,"Biography, Drama, Music, War",960544,2003-03-28,"Roman Polanski",,
113,tt0036775,2014-03-23,2014-03-23,,"Double Indemnity","Double Indemnity",https://www.imdb.com/title/tt0036775/,Movie,8.3,107,1944,"Crime, Drama, Film-Noir, Mystery, Thriller",173681,1944-07-06,"Billy Wilder",,
114,tt0095327,2014-03-23,2014-03-23,,"Grave of the Fireflies","Hotaru no haka",https://www.imdb.com/title/tt0095327/,Movie,8.5,88,1988,"Animation, Drama, War",342570,1989-07-26,"Isao Takahata",,
115,tt0070735,2014-03-23,2014-03-23,,"The Sting","The Sting",https://www.imdb.com/title/tt0070735/,Movie,8.3,129,1973,"Comedy, Crime, Drama",288623,1973-12-25,"George Roy Hill",,
116,tt0071853,2014-03-23,2014-03-23,,"Monty Python and the Holy Grail","Monty Python and the Holy Grail",https://www.imdb.com/title/tt0071853/,Movie,8.2,91,1975,"Adventure, Comedy, Fantasy",584705,1975-07-18,"Terry Gilliam, Terry Jones",,
117,tt0086879,2014-03-23,2014-03-23,,"Amadeus","Amadeus",https://www.imdb.com/title/tt0086879/,Movie,8.4,160,1984,"Biography, Drama, Music",445775,1984-09-19,"Milos Forman",,
118,tt0042192,2014-03-23,2014-03-23,,"All About Eve","All About Eve",https://www.imdb.com/title/tt0042192/,Movie,8.2,138,1950,"Drama",143679,1950-10-27,"Joseph L. Mankiewicz",,
119,tt0042876,2014-03-23,2014-03-23,,"Rashomon","Rashômon",https://www.imdb.com/title/tt0042876/,Movie,8.2,88,1950,"Crime, Drama, Mystery",188106,1951-12-26,"Akira Kurosawa",,
120,tt0040897,2014-03-23,2014-03-23,,"The Treasure of the Sierra Madre","The Treasure of the Sierra Madre",https://www.imdb.com/title/tt0040897/,Movie,8.2,126,1948,"Adventure, Drama, Western",136614,1948-01-24,"John Huston",,
121,tt0119488,2014-03-23,2014-03-23,,"L.A. Confidential","L.A. Confidential",https://www.imdb.com/title/tt0119488/,Movie,8.2,138,1997,"Crime, Drama, Mystery, Thriller",637795,1997-09-19,"Curtis Hanson",,
122,tt1832382,2014-03-23,2014-03-23,,"A Separation","Jodaeiye Nader az Simin",https://www.imdb.com/title/tt1832382/,Movie,8.3,123,2011,"Drama",267704,2011-03-16,"Asghar Farhadi",,
123,tt0012349,2014-03-23,2014-03-23,,"The Kid","The Kid",https://www.imdb.com/title/tt0012349/,Movie,8.2,68,1921,"Comedy, Drama, Family",140219,1921-02-06,"Charles Chaplin",,
124,tt0081398,2014-03-23,2014-03-23,,"Raging Bull","Raging Bull",https://www.imdb.com/title/tt0081398/,Movie,8.1,129,1980,"Biography, Drama, Sport",393301,1980-12-19,"Martin Scorsese",,
125,tt0071315,2014-03-23,2014-03-23,,"Chinatown","Chinatown",https://www.imdb.com/title/tt0071315/,Movie,8.1,130,1974,"Drama, Mystery, Thriller",362809,1974-06-20,"Roman Polanski",,
126,tt0050212,2014-03-23,2014-03-23,,"The Bridge on the River Kwai","The Bridge on the River Kwai",https://www.imdb.com/title/tt0050212/,Movie,8.1,161,1957,"Adventure, Drama, War",240440,1957-12-14,"David Lean",,
127,tt0986264,2014-03-23,2014-03-23,,"Like Stars on Earth","Taare Zameen Par",https://www.imdb.com/title/tt0986264/,Movie,8.3,162,2007,"Drama, Family",215895,2007-12-21,"Aamir Khan, Amole Gupte",,
128,tt0050986,2014-03-23,2014-03-23,,"Wild Strawberries","Smultronstället",https://www.imdb.com/title/tt0050986/,Movie,8.1,92,1957,"Drama, Romance",119506,1959-06-22,"Ingmar Bergman",,
129,tt0044741,2014-03-23,2014-03-23,,"Ikiru","Ikiru",https://www.imdb.com/title/tt0044741/,Movie,8.3,143,1952,"Drama",95276,1956-03-25,"Akira Kurosawa",,
130,tt0089881,2014-03-23,2014-03-23,,"Ran","Ran",https://www.imdb.com/title/tt0089881/,Movie,8.2,160,1985,"Action, Drama, War",142322,1985-06-01,"Akira Kurosawa",,
131,tt0017925,2014-03-23,2014-03-23,,"The General","The General",https://www.imdb.com/title/tt0017925/,Movie,8.1,78,1926,"Action, Adventure, Comedy, Drama, War",101900,1927-01-02,"Clyde Bruckman, Buster Keaton",,
132,tt0015864,2014-03-23,2014-03-23,,"The Gold Rush","The Gold Rush",https://www.imdb.com/title/tt0015864/,Movie,8.1,95,1925,"Adventure, Comedy, Drama, Romance, Western",122921,1925-08-16,"Charles Chaplin",,
133,tt0096283,2014-03-23,2014-03-23,,"My Neighbor Totoro","Tonari no Totoro",https://www.imdb.com/title/tt0096283/,Movie,8.1,86,1988,"Animation, Comedy, Family, Fantasy",403003,1990-07-13,"Hayao Miyazaki",,
134,tt1205489,2014-03-23,2014-03-23,,"Gran Torino","Gran Torino",https://www.imdb.com/title/tt1205489/,Movie,8.1,116,2008,"Drama",835297,2009-01-09,"Clint Eastwood",,
135,tt0032976,2014-03-23,2014-03-23,,"Rebecca","Rebecca",https://www.imdb.com/title/tt0032976/,Movie,8.1,130,1940,"Drama, Mystery, Romance, Thriller",153254,1940-04-12,"Alfred Hitchcock",,
136,tt0118715,2014-03-23,2014-03-23,,"The Big Lebowski","The Big Lebowski",https://www.imdb.com/title/tt0118715/,Movie,8.1,117,1998,"Comedy, Crime",885903,1998-03-06,"Joel Coen, Ethan Coen",,
137,tt1305806,2014-03-23,2014-03-23,,"The Secret in Their Eyes","El secreto de sus ojos",https://www.imdb.com/title/tt1305806/,Movie,8.2,129,2009,"Drama, Mystery, Romance, Thriller",231062,2010-05-21,"Juan José Campanella",,
138,tt1291584,2014-03-23,2014-03-23,,"Warrior","Warrior",https://www.imdb.com/title/tt1291584/,Movie,8.1,140,2011,"Action, Drama, Sport",511708,2011-09-09,"Gavin O'Connor",,
139,tt0405508,2014-03-23,2014-03-23,,"Rang De Basanti","Rang De Basanti",https://www.imdb.com/title/tt0405508/,Movie,8.1,167,2006,"Comedy, Crime, Drama",124057,2006-01-26,"Rakeysh Omprakash Mehra",,
140,tt1979320,2014-03-23,2014-03-23,,"Rush","Rush",https://www.imdb.com/title/tt1979320/,Movie,8.1,123,2013,"Biography, Drama, Sport",530916,2013-09-27,"Ron Howard",,
141,tt1798709,2014-03-23,2014-03-23,,"Her","Her",https://www.imdb.com/title/tt1798709/,Movie,8.0,126,2013,"Drama, Romance, Sci-Fi",697724,2014-01-10,"Spike Jonze",,
142,tt0025316,2014-03-23,2014-03-23,,"It Happened One Night","It Happened One Night",https://www.imdb.com/title/tt0025316/,Movie,8.1,105,1934,"Comedy, Romance",116228,1934-02-22,"Frank Capra",,
143,tt0061512,2014-03-23,2014-03-23,,"Cool Hand Luke","Cool Hand Luke",https://www.imdb.com/title/tt0061512/,Movie,8.0,127,1967,"Crime, Drama",193838,1967-11-01,"Stuart Rosenberg",,
144,tt1490017,2014-03-23,2014-03-23,,"The Lego Movie","The Lego Movie",https://www.imdb.com/title/tt1490017/,Movie,7.7,100,2014,"Animation, Action, Adventure, Comedy, Family, Fantasy, Sci-Fi",399726,2014-02-07,"Phil Lord, Christopher Miller",,
145,tt0074958,2014-03-23,2014-03-23,,"Network","Network",https://www.imdb.com/title/tt0074958/,Movie,8.1,121,1976,"Drama",177815,1976-11-27,"Sidney Lumet",8,2023-11-26
146,tt0046911,2014-03-23,2014-03-23,,"Diabolique","Les diaboliques",https://www.imdb.com/title/tt0046911/,Movie,8.1,117,1955,"Crime, Drama, Horror, Mystery, Thriller",71240,1955-11-21,"Henri-Georges Clouzot",,
147,tt0978762,2014-03-23,2014-03-23,,"Mary and Max","Mary and Max.",https://www.imdb.com/title/tt0978762/,Movie,8.1,92,2009,"Animation, Comedy, Drama",194825,2009-04-09,"Adam Elliot",,
148,tt0052311,2014-03-23,2014-03-23,,"Touch of Evil","Touch of Evil",https://www.imdb.com/title/tt0052311/,Movie,7.9,95,1958,"Crime, Drama, Film-Noir, Thriller",112148,1958-04-23,"Orson Welles",,
149,tt0036868,2014-03-23,2014-03-23,,"The Best Years of Our Lives","The Best Years of Our Lives",https://www.imdb.com/title/tt0036868/,Movie,8.1,170,1946,"Drama, Romance, War",73726,1947-05-29,"William Wyler",,
150,tt0052618,2014-03-23,2014-03-23,,"Ben-Hur","Ben-Hur",https://www.imdb.com/title/tt0052618/,Movie,8.1,212,1959,"Adventure, Drama",261388,1959-11-18,"William Wyler",,
151,tt0053198,2014-03-23,2014-03-23,,"The 400 Blows","Les quatre cents coups",https://www.imdb.com/title/tt0053198/,Movie,8.0,99,1959,"Crime, Drama",131019,1959-11-16,"François Truffaut",,
152,tt0056801,2014-03-23,2014-03-23,,"8½","8½",https://www.imdb.com/title/tt0056801/,Movie,8.0,138,1963,"Drama",128666,1963-06-24,"Federico Fellini",,
153,tt0044079,2014-03-23,2014-03-23,,"Strangers on a Train","Strangers on a Train",https://www.imdb.com/title/tt0044079/,Movie,7.9,101,1951,"Crime, Drama, Film-Noir, Thriller",145046,1951-06-30,"Alfred Hitchcock",,
154,tt0107207,2014-03-23,2014-03-23,,"In the Name of the Father","In the Name of the Father",https://www.imdb.com/title/tt0107207/,Movie,8.1,133,1993,"Biography, Crime, Drama",194549,1994-02-25,"Jim Sheridan",,
155,tt0047528,2014-03-23,2014-03-23,,"La Strada","La strada",https://www.imdb.com/title/tt0047528/,Movie,8.0,108,1954,"Drama",68066,1956-07-16,"Federico Fellini",,
156,tt1220719,2014-03-23,2014-03-23,,"Ip Man","Ip Man",https://www.imdb.com/title/tt1220719/,Movie,8.0,106,2008,"Action, Biography, Drama, War",237753,2008-12-12,"Wilson Yip",,
157,tt0038355,2014-03-23,2014-03-23,,"The Big Sleep","The Big Sleep",https://www.imdb.com/title/tt0038355/,Movie,7.9,114,1946,"Crime, Drama, Film-Noir, Mystery, Thriller",92847,1946-08-31,"Howard Hawks",,
158,tt0079944,2014-03-23,2014-03-23,,"Stalker","Stalker",https://www.imdb.com/title/tt0079944/,Movie,8.0,162,1979,"Drama, Sci-Fi",150401,1980-04-17,"Andrei Tarkovsky",,
159,tt0058946,2014-03-23,2014-03-23,,"The Battle of Algiers","La battaglia di Algeri",https://www.imdb.com/title/tt0058946/,Movie,8.1,121,1966,"Drama, War",70223,1967-09-20,"Gillo Pontecorvo",,
160,tt0072684,2014-03-23,2014-03-23,,"Barry Lyndon","Barry Lyndon",https://www.imdb.com/title/tt0072684/,Movie,8.1,185,1975,"Adventure, Drama, War",191593,1975-12-18,"Stanley Kubrick",,
161,tt0154420,2014-03-23,2014-03-23,,"The Celebration","Festen",https://www.imdb.com/title/tt0154420/,Movie,8.0,101,1998,"Drama",97064,1998-06-19,"Thomas Vinterberg",,
162,tt0114787,2014-03-23,2014-03-23,,"Underground","Underground",https://www.imdb.com/title/tt0114787/,Movie,8.0,167,1995,"Comedy, Drama, Fantasy, War",62565,1997-06-20,"Emir Kusturica",,
163,tt0046250,2014-03-23,2014-03-23,,"Roman Holiday","Roman Holiday",https://www.imdb.com/title/tt0046250/,Movie,8.0,118,1953,"Comedy, Drama, Romance",151814,1953-09-02,"William Wyler",,
164,tt0367110,2014-03-23,2014-03-23,,"Swades","Swades: We, the People",https://www.imdb.com/title/tt0367110/,Movie,8.2,189,2004,"Drama, Musical",101138,2004-12-17,"Ashutosh Gowariker",,
165,tt0046359,2014-03-23,2014-03-23,,"Stalag 17","Stalag 17",https://www.imdb.com/title/tt0046359/,Movie,7.9,120,1953,"Comedy, Drama, War",60024,1953-07,"Billy Wilder",,
166,tt0058461,2014-03-23,2014-03-23,,"A Fistful of Dollars","Per un pugno di dollari",https://www.imdb.com/title/tt0058461/,Movie,7.9,99,1964,"Drama, Western",242157,1967-01-18,"Sergio Leone",,
167,tt1555149,2014-03-23,2014-03-23,,"Elite Squad 2: The Enemy Within","Tropa de Elite 2: O Inimigo Agora é Outro",https://www.imdb.com/title/tt1555149/,Movie,8.0,115,2010,"Crime, Drama, Thriller",89134,2010-10-08,"José Padilha",,
168,tt0040746,2014-03-23,2014-03-23,,"Rope","Rope",https://www.imdb.com/title/tt0040746/,Movie,7.9,80,1948,"Crime, Drama, Mystery, Thriller",159714,1948-09-25,"Alfred Hitchcock",,
169,tt1392214,2014-03-23,2014-03-23,,"Prisoners","Prisoners",https://www.imdb.com/title/tt1392214/,Movie,8.2,153,2013,"Crime, Drama, Mystery, Thriller",862165,2013-09-20,"Denis Villeneuve",,
170,tt0053779,2014-03-23,2014-03-23,,"La Dolce Vita","La dolce vita",https://www.imdb.com/title/tt0053779/,Movie,8.0,174,1960,"Comedy, Drama",82086,1961-04-19,"Federico Fellini",,
171,tt1361318,2014-04-08,2014-04-08,,"Good People","Good People",https://www.imdb.com/title/tt1361318/,Movie,5.5,90,2014,"Action, Adventure, Crime, Drama, Mystery, Thriller",17599,2015-08-21,"Henrik Ruben Genz",,
172,tt2374902,2014-04-23,2014-04-23,,"Metalhead","Málmhaus",https://www.imdb.com/title/tt2374902/,Movie,7.0,97,2013,"Drama",8176,2015-03-20,"Ragnar Bragason",,
173,tt2591378,2014-04-26,2014-04-26,,"Bunker 6","Bunker 6",https://www.imdb.com/title/tt2591378/,Movie,5.7,80,2013,"Drama, Sci-Fi, Thriller",82,2014-02-10,"Greg Jackson",,
174,tt0462322,2014-04-28,2014-04-28,,"Grindhouse","Grindhouse",https://www.imdb.com/title/tt0462322/,Movie,7.5,191,2007,"Horror, Thriller",193605,2007-04-06,"Robert Rodriguez, Eli Roth, Quentin Tarantino, Edgar Wright, Rob Zombie",,
175,tt0060955,2014-05-02,2014-05-02,,"Seconds","Seconds",https://www.imdb.com/title/tt0060955/,Movie,7.6,106,1966,"Sci-Fi, Thriller",23520,1966-10-02,"John Frankenheimer",,
176,tt0066434,2014-05-02,2014-05-02,,"THX 1138","THX 1138",https://www.imdb.com/title/tt0066434/,Movie,6.6,86,1971,"Drama, Sci-Fi, Thriller",56046,1971-03-11,"George Lucas",,
177,tt2013293,2014-05-10,2014-05-10,,"The Wind Rises","Kaze tachinu",https://www.imdb.com/title/tt2013293/,Movie,7.8,126,2013,"Animation, Biography, Drama, History, Romance, War",105214,2014-02-21,"Hayao Miyazaki",,
178,tt1866249,2014-05-29,2014-05-29,,"The Sessions","The Sessions",https://www.imdb.com/title/tt1866249/,Movie,7.2,95,2012,"Biography, Comedy, Drama, Romance",44473,2012-11-16,"Ben Lewin",,
179,tt1260051,2014-06-07,2014-06-07,,"Germany 09: 13 Short Films About the State of the Nation","Deutschland 09 - 13 kurze Filme zur Lage der Nation",https://www.imdb.com/title/tt1260051/,Movie,5.9,151,2009,"Drama",456,2009-03-26,"Fatih Akin, Wolfgang Becker, Sylke Enders, Dominik Graf, Martin Gressmann, Christoph Hochhäusler, Romuald Karmakar, Nicolette Krebitz, Dani Levy, Angela Schanelec, Hans Steinbichler, Isabelle Stever, Tom Tykwer, Hans Weingartner",,
180,tt0177858,2014-06-29,2014-06-29,,"In July","Im Juli",https://www.imdb.com/title/tt0177858/,Movie,7.6,99,2000,"Adventure, Comedy, Romance",23154,2000-08-24,"Fatih Akin",,
181,tt0173024,2014-07-18,2014-07-18,,"Visitor of a Museum","Posetitel muzeya",https://www.imdb.com/title/tt0173024/,Movie,7.2,136,1989,"Drama, Horror, Sci-Fi",1503,1990-03-14,"Konstantin Lopushanskiy",,
182,tt1658837,2014-07-19,2014-07-19,,"The Tall Man","The Tall Man",https://www.imdb.com/title/tt1658837/,Movie,5.9,106,2012,"Crime, Drama, Horror, Mystery, Thriller",44015,2012-09-05,"Pascal Laugier",,
183,tt0443706,2014-07-19,2014-07-19,,"Zodiac","Zodiac",https://www.imdb.com/title/tt0443706/,Movie,7.7,157,2007,"Crime, Drama, Mystery, Thriller",630562,2007-03-02,"David Fincher",,
184,tt2334896,2014-08-04,2014-08-04,,"The Dirties","The Dirties",https://www.imdb.com/title/tt2334896/,Movie,6.8,83,2013,"Crime, Drama",8312,2014-06-06,"Matt Johnson",,
185,tt0095031,2014-08-15,2014-08-15,,"Dirty Rotten Scoundrels","Dirty Rotten Scoundrels",https://www.imdb.com/title/tt0095031/,Movie,7.4,110,1988,"Comedy, Crime",82047,1988-12-14,"Frank Oz",,
186,tt0439574,2014-08-17,2014-08-17,,"The Fourth World War","The Fourth World War",https://www.imdb.com/title/tt0439574/,Movie,7.1,78,2004,"Documentary",308,2004-03-17,"Rick Rowley, Jacqueline Soohen",,
187,tt1980209,2014-09-12,2014-09-12,,"Pain & Gain","Pain & Gain",https://www.imdb.com/title/tt1980209/,Movie,6.4,129,2013,"Action, Biography, Comedy, Crime, Drama, Mystery",235292,2013-04-26,"Michael Bay",,
188,tt0101410,2014-12-14,2014-12-14,,"Barton Fink","Barton Fink",https://www.imdb.com/title/tt0101410/,Movie,7.6,116,1991,"Comedy, Drama, Thriller",131931,1991-08-21,"Joel Coen, Ethan Coen",,
189,tt3038708,2015-01-03,2015-01-03,,"Iron Sky: The Coming Race","Iron Sky: The Coming Race",https://www.imdb.com/title/tt3038708/,Movie,5.0,93,2019,"Action, Adventure, Comedy, Sci-Fi",12177,2019-07-19,"Timo Vuorensola",,
190,tt2262227,2015-01-31,2015-01-31,,"The Book of Life","The Book of Life",https://www.imdb.com/title/tt2262227/,Movie,7.2,95,2014,"Animation, Adventure, Comedy, Family, Fantasy, Musical, Romance",80707,2014-10-17,"Jorge R. Gutiérrez",,
191,tt1077368,2015-02-07,2015-02-07,,"Dark Shadows","Dark Shadows",https://www.imdb.com/title/tt1077368/,Movie,6.2,113,2012,"Comedy, Fantasy, Horror",287269,2012-05-11,"Tim Burton",,
192,tt0376136,2015-03-01,2015-03-01,,"The Rum Diary","The Rum Diary",https://www.imdb.com/title/tt0376136/,Movie,6.1,119,2011,"Comedy, Drama",109077,2011-10-28,"Bruce Robinson",,
193,tt2844798,2015-03-21,2015-03-21,,"White God","Fehér isten",https://www.imdb.com/title/tt2844798/,Movie,6.8,121,2014,"Adventure, Drama, Thriller",17391,2014-06-12,"Kornél Mundruczó",,
194,tt2140379,2015-03-21,2015-03-21,,"Self/less","Self/less",https://www.imdb.com/title/tt2140379/,Movie,6.5,117,2015,"Action, Mystery, Sci-Fi, Thriller",105622,2015-07-10,"Tarsem Singh",,
195,tt1964418,2015-03-21,2015-03-21,,"Tomorrowland","Tomorrowland",https://www.imdb.com/title/tt1964418/,Movie,6.4,130,2015,"Action, Adventure, Family, Fantasy, Mystery, Sci-Fi",195152,2015-05-22,"Brad Bird",,
196,tt3488710,2015-03-21,2015-03-21,,"The Walk","The Walk",https://www.imdb.com/title/tt3488710/,Movie,7.3,123,2015,"Adventure, Biography, Drama",138186,2015-10-09,"Robert Zemeckis",,
197,tt1390411,2015-03-21,2015-03-21,,"In the Heart of the Sea","In the Heart of the Sea",https://www.imdb.com/title/tt1390411/,Movie,6.9,122,2015,"Action, Adventure, Biography, Drama, History",154541,2015-12-11,"Ron Howard",,
198,tt0770802,2015-05-09,2015-05-09,,"Samsara","Samsara",https://www.imdb.com/title/tt0770802/,Movie,8.4,102,2011,"Documentary, Music",38897,2012-08-23,"Ron Fricke",,
199,tt0104275,2015-05-09,2015-05-09,,"Fires of Kuwait","Fires of Kuwait",https://www.imdb.com/title/tt0104275/,Short,7.4,36,1992,"Documentary, Short",599,1992-06-09,"David Douglas",,
200,tt4188436,2015-05-28,2015-05-28,,"Dixieland","Dixieland",https://www.imdb.com/title/tt4188436/,Movie,5.3,92,2015,"Crime, Drama",1328,2018-01-12,"Hank Bedford",,
201,tt0070531,2015-07-14,2015-07-14,,"Phase IV","Phase IV",https://www.imdb.com/title/tt0070531/,Movie,6.4,84,1974,"Horror, Sci-Fi, Thriller",10172,1974-09-13,"Saul Bass",,
202,tt0118929,2015-07-14,2015-07-14,,"Dark City","Dark City",https://www.imdb.com/title/tt0118929/,Movie,7.6,100,1998,"Fantasy, Mystery, Sci-Fi, Thriller",218676,1998-02-27,"Alex Proyas",,
203,tt0414993,2015-07-14,2015-07-14,,"The Fountain","The Fountain",https://www.imdb.com/title/tt0414993/,Movie,7.2,97,2006,"Drama, Mystery, Romance, Sci-Fi",252580,2006-11-22,"Darren Aronofsky",,
204,tt0245712,2015-08-07,2015-08-07,,"Amores Perros","Amores perros",https://www.imdb.com/title/tt0245712/,Movie,8.0,154,2000,"Drama, Thriller",261022,2001-04-13,"Alejandro G. Iñárritu",,
205,tt1323594,2015-10-09,2015-10-09,,"Despicable Me","Despicable Me",https://www.imdb.com/title/tt1323594/,Movie,7.6,95,2010,"Animation, Adventure, Comedy, Crime, Family, Sci-Fi",606445,2010-07-09,"Pierre Coffin, Chris Renaud",,
206,tt2527336,2015-12-19,2015-12-19,,"Star Wars: Episode VIII - The Last Jedi","Star Wars: Episode VIII - The Last Jedi",https://www.imdb.com/title/tt2527336/,Movie,6.9,152,2017,"Action, Adventure, Fantasy, Sci-Fi",691219,2017-12-15,"Rian Johnson",,
207,tt3460252,2016-01-04,2016-01-04,,"The Hateful Eight","The Hateful Eight",https://www.imdb.com/title/tt3460252/,Movie,7.8,168,2015,"Crime, Drama, Mystery, Thriller, Western",686940,2015-12-30,"Quentin Tarantino",,
208,tt2492296,2016-02-01,2016-02-01,,"Show Me a Hero","Show Me a Hero",https://www.imdb.com/title/tt2492296/,TV Mini Series,7.9,60,2015,"Drama, History",12309,2015-08-16,,,
209,tt0088847,2016-03-20,2016-03-20,,"The Breakfast Club","The Breakfast Club",https://www.imdb.com/title/tt0088847/,Movie,7.8,97,1985,"Comedy, Drama",453689,1985-02-15,"John Hughes",,
210,tt0090060,2016-03-21,2016-03-21,,"St. Elmo's Fire","St. Elmo's Fire",https://www.imdb.com/title/tt0090060/,Movie,6.4,110,1985,"Drama, Romance",49733,1985-06-28,"Joel Schumacher",,
211,tt1598778,2016-06-12,2016-06-12,,"Contagion","Contagion",https://www.imdb.com/title/tt1598778/,Movie,6.8,106,2011,"Drama, Thriller",322875,2011-09-09,"Steven Soderbergh",,
212,tt2769184,2016-07-25,2016-07-25,,"Debug","Debug",https://www.imdb.com/title/tt2769184/,Movie,4.3,86,2014,"Horror, Sci-Fi",3082,2015-06-12,"David Hewlett",,
213,tt2660888,2016-07-25,2016-07-25,,"Star Trek Beyond","Star Trek Beyond",https://www.imdb.com/title/tt2660888/,Movie,7.0,122,2016,"Action, Adventure, Sci-Fi, Thriller",263967,2016-07-22,"Justin Lin",,
214,tt4632316,2016-07-25,2016-07-25,,"Gleason","Gleason",https://www.imdb.com/title/tt4632316/,Movie,8.3,110,2016,"Documentary, Biography",3167,2016-07-29,"Clay Tweel",,
215,tt4196776,2016-07-25,2016-07-25,,"Jason Bourne","Jason Bourne",https://www.imdb.com/title/tt4196776/,Movie,6.6,123,2016,"Action, Thriller",249236,2016-07-29,"Paul Greengrass",,
216,tt1289401,2016-07-25,2016-07-25,,"Ghostbusters","Ghostbusters",https://www.imdb.com/title/tt1289401/,Movie,6.8,117,2016,"Action, Comedy, Fantasy, Sci-Fi",252449,2016-07-15,"Paul Feig",,
217,tt4853102,2016-07-25,2016-07-25,,"Batman: The Killing Joke","Batman: The Killing Joke",https://www.imdb.com/title/tt4853102/,Movie,6.4,76,2016,"Animation, Action, Crime, Drama, Thriller",63348,2016-07-25,"Sam Liu",,
218,tt1386697,2016-07-26,2016-07-26,,"Suicide Squad","Suicide Squad",https://www.imdb.com/title/tt1386697/,Movie,5.9,123,2016,"Action, Adventure, Fantasy, Sci-Fi",738318,2016-08-05,"David Ayer",,
219,tt4189022,2016-10-11,2016-10-11,,"Ash vs Evil Dead","Ash vs Evil Dead",https://www.imdb.com/title/tt4189022/,TV Series,8.4,30,2015,"Action, Comedy, Horror, Thriller",82339,2015-10-31,,,
220,tt5168192,2016-10-30,2016-10-30,,"I, Daniel Blake","I, Daniel Blake",https://www.imdb.com/title/tt5168192/,Movie,7.8,100,2016,"Drama",66543,2017-06-09,"Ken Loach",,
221,tt1615147,2016-12-04,2016-12-04,,"Margin Call","Margin Call",https://www.imdb.com/title/tt1615147/,Movie,7.1,107,2011,"Drama, Thriller",151643,2011-09-29,"J.C. Chandor",,
222,tt5247022,2017-01-04,2017-01-04,,"Paterson","Paterson",https://www.imdb.com/title/tt5247022/,Movie,7.3,118,2016,"Comedy, Drama, Romance",91767,2016-12-28,"Jim Jarmusch",,
223,tt3769594,2017-01-08,2017-01-08,,"Jack's Apocalypse","Jack's Apocalypse",https://www.imdb.com/title/tt3769594/,Movie,6.1,80,2015,"Fantasy, Sci-Fi, Thriller",771,2016-10-28,"Will James Moore",,
224,tt1060255,2017-01-08,2017-01-08,,"The Horseman","The Horseman",https://www.imdb.com/title/tt1060255/,Movie,6.5,96,2008,"Action, Crime, Thriller",5496,2009-10-30,"Steven Kastrissios",,
225,tt1441395,2017-01-25,2017-01-25,,"Under the Skin","Under the Skin",https://www.imdb.com/title/tt1441395/,Movie,6.3,108,2013,"Drama, Horror, Mystery, Sci-Fi, Thriller",163842,2014-04-18,"Jonathan Glazer",6,2023-10-29
226,tt5269594,2017-02-02,2017-02-02,,"Marcella","Marcella",https://www.imdb.com/title/tt5269594/,TV Series,7.3,45,2016,"Crime, Drama, Mystery",39215,2016-04-04,,,
227,tt1038988,2017-03-06,2017-03-06,,"REC","[Rec]",https://www.imdb.com/title/tt1038988/,Movie,7.4,78,2007,"Horror, Mystery, Thriller",205861,2007-11-23,"Jaume Balagueró, Paco Plaza",,
228,tt3253930,2017-03-06,2017-03-06,,"Marshland","La isla mínima",https://www.imdb.com/title/tt3253930/,Movie,7.2,105,2014,"Action, Adventure, Crime, Mystery, Thriller",37474,2014-09-26,"Alberto Rodríguez",,
229,tt0441909,2017-03-06,2017-03-06,,"Volver","Volver",https://www.imdb.com/title/tt0441909/,Movie,7.6,121,2006,"Comedy, Drama",109837,2007-01-26,"Pedro Almodóvar",,
230,tt6143026,2017-04-07,2017-04-07,,"Two Wheel Cowboy","Two Wheel Cowboy",https://www.imdb.com/title/tt6143026/,Movie,,,2016,"Documentary",0,2016,"Daniel C. Doran",,
231,tt5687814,2017-06-16,2017-06-16,,"Golden Exits","Golden Exits",https://www.imdb.com/title/tt5687814/,Movie,5.7,94,2017,"Drama",2365,2018-02-09,"Alex Ross Perry",,
232,tt3569230,2017-06-16,2017-06-16,,"Legend","Legend",https://www.imdb.com/title/tt3569230/,Movie,6.9,132,2015,"Biography, Crime, Drama, Thriller",212369,2015-11-20,"Brian Helgeland",,
233,tt0092067,2017-08-25,2017-08-25,,"Castle in the Sky","Tenkû no shiro Rapyuta",https://www.imdb.com/title/tt0092067/,Movie,8.0,124,1986,"Animation, Adventure, Family, Fantasy",189673,1991-07-19,"Hayao Miyazaki",,
234,tt6265828,2017-08-27,2017-08-27,,"A Ghost Story","A Ghost Story",https://www.imdb.com/title/tt6265828/,Movie,6.8,92,2017,"Drama, Fantasy, Mystery, Romance",83437,2017-07-28,"David Lowery",,
235,tt2201532,2017-09-05,2017-09-05,,"Guns for Hire","The Adventures of Beatle",https://www.imdb.com/title/tt2201532/,Movie,4.3,83,2015,"Action, Adventure, Comedy, Drama, Thriller",1246,2015-12-22,"Donna Robinson",,
236,tt4291066,2018-04-19,2018-04-19,,"B-Movie: Lust & Sound in West-Berlin 1979-1989","B-Movie: Lust & Sound in West-Berlin 1979-1989",https://www.imdb.com/title/tt4291066/,Movie,7.8,92,2015,"Documentary, Music",2240,2015-02-08,"Jörg A. Hoppe, Heiko Lange, Klaus Maeck",,
237,tt1535109,2018-04-21,2018-04-21,,"Captain Phillips","Captain Phillips",https://www.imdb.com/title/tt1535109/,Movie,7.8,134,2013,"Action, Biography, Crime, Drama, Thriller",505863,2013-10-11,"Paul Greengrass",,
238,tt2798920,2018-06-19,2018-06-19,,"Annihilation","Annihilation",https://www.imdb.com/title/tt2798920/,Movie,6.8,115,2018,"Adventure, Drama, Horror, Mystery, Sci-Fi, Thriller",376832,2018-02-23,"Alex Garland",,
239,tt6017942,2018-09-10,2018-09-10,,"Kin","Kin",https://www.imdb.com/title/tt6017942/,Movie,5.8,102,2018,"Action, Drama, Sci-Fi, Thriller",19409,2018-08-31,"Jonathan Baker, Josh Baker",,
240,tt7220754,2018-09-16,2018-09-16,,"Heavy Trip","Hevi reissu",https://www.imdb.com/title/tt7220754/,Movie,7.0,92,2018,"Comedy, Music",11824,2018-10-12,"Juuso Laatio, Jukka Vidgren",,
241,tt1121931,2018-09-29,2018-09-29,,"Crank: High Voltage","Crank: High Voltage",https://www.imdb.com/title/tt1121931/,Movie,6.1,96,2009,"Action, Thriller",162933,2009-04-17,"Mark Neveldine, Brian Taylor",,
242,tt0140888,2018-11-09,2018-11-09,,"Central Station","Central do Brasil",https://www.imdb.com/title/tt0140888/,Movie,8.0,110,1998,"Drama",47382,1998-11-20,"Walter Salles",,
243,tt8267604,2018-11-09,2018-11-09,,"Capernaum","Capharnaüm",https://www.imdb.com/title/tt8267604/,Movie,8.4,126,2018,"Drama",114495,2018-09-20,"Nadine Labaki",,
244,tt5109784,2018-12-15,2018-12-15,,"Mother!","Mother!",https://www.imdb.com/title/tt5109784/,Movie,6.6,121,2017,"Drama, Horror, Mystery",258245,2017-09-15,"Darren Aronofsky",,
245,tt0462396,2019-01-11,2019-01-11,,"The Last Legion","The Last Legion",https://www.imdb.com/title/tt0462396/,Movie,5.4,101,2007,"Action, Adventure, History, War",37646,2007-08-17,"Doug Lefler",,
246,tt5688932,2019-01-27,2019-01-27,,"Sorry to Bother You","Sorry to Bother You",https://www.imdb.com/title/tt5688932/,Movie,6.9,112,2018,"Comedy, Drama, Fantasy, Sci-Fi",91230,2018-07-13,"Boots Riley",,
247,tt6966692,2019-02-11,2019-02-11,,"Green Book","Green Book",https://www.imdb.com/title/tt6966692/,Movie,8.2,130,2018,"Biography, Comedy, Drama, Music",626795,2018-11-16,"Peter Farrelly",8,2024-03-07
248,tt0120868,2019-03-25,2019-03-25,,"Torrente, the Dumb Arm of the Law","Torrente: El brazo tonto de la ley",https://www.imdb.com/title/tt0120868/,Movie,6.8,97,1998,"Comedy, Crime",14091,1998-03-13,"Santiago Segura",,
249,tt6576556,2019-06-02,2019-06-02,,"The Silent Revolution","Das schweigende Klassenzimmer",https://www.imdb.com/title/tt6576556/,Movie,7.4,111,2018,"Drama, History",6268,2019-10-22,"Lars Kraume",,
250,tt2398149,2020-02-18,2020-02-18,,"An Officer and a Spy","J'accuse",https://www.imdb.com/title/tt2398149/,Movie,7.2,132,2019,"Drama, History, Thriller",22027,2019-11-13,"Roman Polanski",,
251,tt8367814,2020-02-18,2020-02-18,,"The Gentlemen","The Gentlemen",https://www.imdb.com/title/tt8367814/,Movie,7.8,113,2019,"Action, Crime",429658,2020-01-24,"Guy Ritchie",,
252,tt8741290,2020-04-04,2020-04-04,,"Tales from the Loop","Tales from the Loop",https://www.imdb.com/title/tt8741290/,TV Series,7.4,50,2020,"Drama, Sci-Fi",24591,2020-04-03,,,
253,tt7016936,2020-05-24,2020-05-24,,"Killing Eve","Killing Eve",https://www.imdb.com/title/tt7016936/,TV Series,8.1,42,2018,"Action, Adventure, Drama, Thriller",145409,2018-04-08,,,
254,tt0837562,2020-05-28,2020-05-28,,"Hotel Transylvania","Hotel Transylvania",https://www.imdb.com/title/tt0837562/,Movie,7.0,91,2012,"Animation, Comedy, Family, Fantasy",294855,2012-09-28,"Genndy Tartakovsky",,
255,tt6470924,2020-08-17,2020-08-17,,"Berlin Alexanderplatz","Berlin Alexanderplatz",https://www.imdb.com/title/tt6470924/,Movie,6.9,183,2020,"Crime, Drama, Thriller",4109,2021-04-30,"Burhan Qurbani",,
256,tt14005250,2022-09-11,2022-09-11,,"The Kangaroo Conspiracy","Die Känguru-Verschwörung",https://www.imdb.com/title/tt14005250/,Movie,5.8,101,2022,"Comedy",940,2022-08-25,"Marc-Uwe Kling, Alexander Berner",,
257,tt3006802,2022-10-08,2022-10-08,,"Outlander","Outlander",https://www.imdb.com/title/tt3006802/,TV Series,8.3,60,2014,"Adventure, Drama, Fantasy, Romance",189635,2014-08-09,,,
258,tt0113264,2023-04-02,2023-04-02,,"Harrison Bergeron","Harrison Bergeron",https://www.imdb.com/title/tt0113264/,TV Movie,7.2,99,1995,"Sci-Fi",2761,1995-08-13,"Bruce Pittman",,
259,tt14230388,2023-05-31,2023-05-31,,"Asteroid City","Asteroid City",https://www.imdb.com/title/tt14230388/,Movie,6.5,105,2023,"Comedy, Drama, Romance, Sci-Fi",129392,2023-06-23,"Wes Anderson",,
260,tt0128442,2023-06-20,2023-06-20,,"Rounders","Rounders",https://www.imdb.com/title/tt0128442/,Movie,7.3,121,1998,"Crime, Drama",163746,1998-09-11,"John Dahl",,
261,tt0119822,2023-08-13,2023-08-13,,"As Good as It Gets","As Good as It Gets",https://www.imdb.com/title/tt0119822/,Movie,7.7,139,1997,"Comedy, Drama, Romance",327034,1997-12-25,"James L. Brooks",6,2014-11-30
262,tt3783958,2023-09-18,2023-09-18,,"La La Land","La La Land",https://www.imdb.com/title/tt3783958/,Movie,8.0,128,2016,"Comedy, Drama, Music, Musical, Romance",712720,2016-12-25,"Damien Chazelle",,
263,tt21027780,2023-11-19,2023-11-19,,"Fallen Leaves","Kuolleet lehdet",https://www.imdb.com/title/tt21027780/,Movie,7.3,81,2023,"Comedy, Drama, Romance",32331,2023-09-14,"Aki Kaurismäki",,
264,tt14230458,2024-03-19,2024-03-19,,"Poor Things","Poor Things",https://www.imdb.com/title/tt14230458/,Movie,7.8,141,2023,"Comedy, Drama, Romance, Sci-Fi",334198,2024-02-27,"Yorgos Lanthimos",,
265,tt7160372,2024-04-05,2024-04-05,,"The Zone of Interest","The Zone of Interest",https://www.imdb.com/title/tt7160372/,Movie,7.3,105,2023,"Drama, History, War",130957,2024-02-20,"Jonathan Glazer",,
266,tt26812748,2024-04-13,2024-04-13,,"La Singla","La Singla",https://www.imdb.com/title/tt26812748/,Movie,7.3,95,2023,,124,2023-11-02,"Paloma Zapata",8,2024-04-13
267,tt22408160,2024-07-03,2024-07-03,,"Kinds of Kindness","Kinds of Kindness",https://www.imdb.com/title/tt22408160/,Movie,6.5,164,2024,"Comedy, Drama, Horror",57727,2024-06-28,"Yorgos Lanthimos",,
268,tt6288290,2024-10-10,2024-10-10,,"L7: Pretend We're Dead","L7: Pretend We're Dead",https://www.imdb.com/title/tt6288290/,Movie,7.4,87,2016,"Documentary, Music",537,2018-12-15,"Sarah Price",,
269,tt0093191,2024-12-12,2024-12-12,,"Wings of Desire","Der Himmel über Berlin",https://www.imdb.com/title/tt0093191/,Movie,7.9,128,1987,"Drama, Fantasy, Romance",80408,1988-05-06,"Wim Wenders",,
270,tt0450188,2024-12-17,2024-12-17,,"La Vie En Rose","La Môme",https://www.imdb.com/title/tt0450188/,Movie,7.5,140,2007,"Biography, Drama, Music, Romance",92151,2007-07-20,"Olivier Dahan",,
271,tt0104545,2024-12-18,2024-12-18,,"Jamón, Jamón","Jamón Jamón",https://www.imdb.com/title/tt0104545/,Movie,6.4,95,1992,"Comedy, Drama, Romance",15654,1994-02-04,"Bigas Luna",,
272,tt0054167,2025-01-24,2025-01-24,,"Peeping Tom","Peeping Tom",https://www.imdb.com/title/tt0054167/,Movie,7.6,101,1960,"Drama, Horror, Thriller",41676,1960-05-16,"Michael Powell",,
273,tt21823606,2025-02-10,2025-02-10,,"A Real Pain","A Real Pain",https://www.imdb.com/title/tt21823606/,Movie,7.1,90,2024,"Comedy, Drama",75224,2024-11-01,"Jesse Eisenberg",,
